id,name_pattern,applies_to,element,effect_text,effect_key,params,notes,tier,family,cursed,cost_text,also,drawback,strength
explosive,Explosive {item},chaps|platelegs|gladiator_chestpiece|dragoon_helm|bandolier,fire,"Fire tiles you lay erupt 1 turn later: 3 damage per fire point to everyone on the tile and its neighbours, then the tile goes neutral.",tile_erupt,delay=1;dmg_per_point=3;radius=1;consume=1,Brief example (explosive chaps),E,elemental,0,,,,3
kindled,Kindled {item},wizard_hat|silken_robe|robe_bottoms|scarf|gladiator_chestpiece|leather_cuirass|tights|crown|platemail,fire,"Your fire casts push the tile 1 extra step hotter (still capped at +3), and fire tiles you lay last 1 turn longer before they cool.",cast_step_plus,steps=1,,E,elemental,0,,tile_duration_plus(turns=1),,2
warded,Warded {item},platemail|platelegs|chain_mail|feathered_full_helm|leather_tassets|leather_cuirass|chaps|single_shoulder_guard|scarf|brigandine|vest|silken_robe|bandolier|gladiator_chestpiece|robe_bottoms|tights,,"Warded against one element, rolled when it drops: take 25% less damage from that element and its tiles, and roll its resist with Advantage (then 3 turns to recharge).",damage_taken_mod,source=ward;pct=-25;tile_pct=-25,The element is the item's ward field (rolled on drop; a scroll or an imbue sets its own element),E,elemental,0,,pity(kind=resist;side=def;cd=3;element=ward),,1
emberstep,Emberstep {item},chaps|tights|baseball_cap|vest,fire,Every tile you leave while moving gains 1 fire step.,lay_on,trigger=move;where=path;step=1;chance=100,,E,elemental,0,,,,2
tidal,Tidal {item},silken_robe|robe_bottoms|tiara|scarf,water,Your water casts also lay 1 water step on the ring of tiles around the target.,element_area_plus,radius=1;step=1,,E,elemental,0,,,,2
soaking,Soaking {item},chain_mail|brigandine|leather_cuirass|platelegs,water,"When you are struck, the attacker's tile gains 1 water step (primed for thunder).",lay_on,trigger=struck;where=attacker;step=1;chance=100,,E,elemental,0,,,,1
brimming,Brimming {item},wizard_hat|silken_robe|crown|tilted_beret|leather_tassets|bandolier,water,"Your water tiles are 50% stronger (wading costs more, thunder gets +50% of the water bonus when it detonates them) and last 1 turn longer.",tile_potency_pct,pct=50,,E,elemental,0,,tile_duration_plus(turns=1),,2
geyser,Geyser {item},bandolier|vest|single_shoulder_guard,water,"Water tiles you lay erupt 1 turn later: 2% max HP per water point, everyone on the tile is pushed 1 hex out, and the tile keeps its water.",tile_erupt,delay=1;dmg_per_point=1;radius=0;push=1;consume=0;dmg_pct_per_point=2,,E,elemental,0,,,,3
glacial,Glacial {item},wizard_hat|silken_robe|chain_mail|platelegs|brigandine|platemail|feathered_full_helm|crown|tiara|scarf,ice,"Your ice also locks the 6 tiles around the one you target, and your glazes last 1 turn longer.",element_area_plus,radius=1;step=0,,E,elemental,0,,tile_duration_plus(turns=1),,3
frostbitten,Frostbitten {item},scarf|tights|single_shoulder_guard,ice,The first basic attack you land each turn locks (glazes) the target's tile.,lay_on,trigger=hit;where=target;step=0;chance=100;per_turn=1,On an empty tile this arms ice's marker instead (V8 Stasis),E,elemental,0,,,,2
thundering,Thundering {item},feathered_full_helm|dragoon_helm|crown|gladiator_chestpiece,thunder,Your thunder effects trigger twice; the second resolves at 50%.,effect_repeat,extra=1;scale_pct=50,Brief example (thundering full helm). 50% on the echo is my number; the brief says 'twice',E,elemental,0,,,,3
arcing,Arcing {item},platemail|bandolier|tilted_beret|single_shoulder_guard|brigandine|gladiator_chestpiece|vest|baseball_cap,thunder,Your detonations splash 2 rings out instead of 1 and knock whoever stands on the tile 1 hex away from you.,element_area_plus,radius=1;step=0,,E,elemental,0,,knockback(hexes=1;on=trigger;chance=100),,3
stormcallers,Stormcaller's {item},wizard_hat|tiara|robe_bottoms|silken_robe,thunder,Your thunder deals 20% more damage.,element_damage_pct,pct=20;next_same=0,,E,elemental,0,,,,2
static,Static {item},single_shoulder_guard|platelegs|feathered_cap,thunder,"When an adjacent enemy strikes you, thunder lands on its tile (detonating any charge there).",lay_on,trigger=struck;where=attacker;step=0;chance=100;melee_only=1,,E,elemental,0,,,,1
gusting,Gusting {item},chaps|tights|scarf|feathered_cap|tilted_beret|vest|tiara,wind,"Your gales copy the tile 2 rings out instead of 1, and the copies last 1 turn longer.",element_area_plus,radius=1;step=0,,E,elemental,0,,tile_duration_plus(turns=1),,2
howling,Howling {item},baseball_cap|bandolier|robe_bottoms|crown,wind,Your gales push everyone on the spread tiles 1 hex outward.,knockback,hexes=1;on=trigger;chance=100,,E,elemental,0,,,,2
abyssal,Abyssal {item},wizard_hat|tiara|crown|scarf|robe_bottoms|silken_robe|tilted_beret|leather_cuirass,dark,"Your dark casts push the tile 1 extra step darker (still capped at -3), and dark tiles you lay last 1 turn longer.",cast_step_plus,steps=1,,E,elemental,0,,tile_duration_plus(turns=1),,2
shadowtrail,Shadowtrail {item},chaps|baseball_cap|leather_cuirass,dark,Every tile you leave while moving gains 1 dark step.,lay_on,trigger=move;where=path;step=1;chance=100,,E,elemental,0,,,,1
gloaming,Gloaming {item},feathered_cap|tilted_beret|dragoon_helm,dark,Your dark tiles hide their occupant 50% better.,tile_potency_pct,pct=50,,E,elemental,0,,,,1
collapsing,Collapsing {item},crown|leather_tassets|robe_bottoms,dark,"Dark tiles you lay collapse 1 turn later: 2 damage per dark point to the occupant, and neighbours are pulled 1 hex in.",tile_erupt,delay=1;dmg_per_point=2;radius=1;push=-1;consume=1,,E,elemental,0,,,,3
radiant,Radiant {item},tiara|silken_robe|crown|robe_bottoms,light,Your light tiles are 50% stronger: more healing and more exposure.,tile_potency_pct,pct=50,,E,elemental,0,,,,2
dawning,Dawning {item},wizard_hat|gladiator_chestpiece|dragoon_helm|platemail|chain_mail|feathered_full_helm|tiara,light,"Your light casts push the tile 1 extra step brighter (still capped at +3), and light tiles you lay last 1 turn longer.",cast_step_plus,steps=1,,E,elemental,0,,tile_duration_plus(turns=1),,1
gleaming,Gleaming {item},platemail|platelegs|gladiator_chestpiece|brigandine|single_shoulder_guard,light,"When you are struck, the attacker's tile gains 1 light step (exposing it).",lay_on,trigger=struck;where=attacker;step=1;chance=100,,E,elemental,0,,,,1
flaring,Flaring {item},robe_bottoms|scarf|tilted_beret,light,"Light tiles you lay flare 1 turn later: allies on the tile and its neighbours heal 2 per light point, then the tile goes neutral.",tile_erupt,delay=1;heal_per_point=2;radius=1;consume=1,,E,elemental,0,,,,2
haloed,Haloed {item},wizard_hat|silken_robe|robe_bottoms|tiara|crown|scarf|chain_mail|leather_cuirass,light,"Your light casts also lay 1 light on your own tile and the ring around you, wherever the cast lands.",element_area_plus,radius=1;step=1;on=self,D497 (author),E,elemental,0,,,,2
cleaving,{item} of Cleaving,double_axe|scythe|axe|halberd|glaive|naginata|flamberge|warhammer|staff|divine_staff|moon_staff|orb_scepter,,Basic attacks and AoE skills reach 1 ring further. Allies in the added ring are spared.,aoe_radius_plus,radius=1;ring_pct=100;basic=1;skills=1;friendly=0,Brief example (double axe of cleaving),E,weapon,0,,,,3
spreadshot,Spreadshot {item},shortbow|ancestral_bow|flintlock,,"Fires 3 shots along 3 different lines, 50% damage each.",multi_hit,count=3;dmg_pct=50;pattern=fan,Brief example (spreadshot shortbow),E,weapon,0,,,,2
doubleshot,Doubleshot {item},recurve_bow|longbow|compound_bow|pistol|m1911|dagger|kunai|jagged_dagger|karambit|scimitar|katana|brass_knuckles,,Every basic attack hits twice at 75% damage each.,multi_hit,count=2;dmg_pct=75;pattern=same,"Brief example (doubleshot longbow; there is no longbow, so recurve/compound). Each hit rolls separately",E,weapon,0,,,,3
flowing,Flowing {item},lance|trident|glaive|naginata|javelin|scimitar|katana|dagger|kunai|staff|divine_staff|hatchet|shortbow|ancestral_bow|hand_wraps,,"After attacking you may move up to 2 more hexes, even if you moved before attacking.",move_after_attack,hexes=2,"Brief example (flowing lance). Base rules already allow act-then-move, so this is a second move",E,weapon,0,,,,3
impact,Forceful {item},warhammer|anchor|axe|staff|divine_staff|halberd|double_axe|scythe|gauntlets|glaive|naginata,,"Basic attacks knock the target 1 hex: push it straight back or pull it toward you, your choice on the forecast.",knockback,hexes=1;on=hit;chance=100;choice=1,,E,weapon,0,,,,2
riposting,Riposting {item},sword|rapier|flamberge|scimitar|katana|halberd|jagged_dagger|karambit,,"Once per enemy turn, when an adjacent enemy attacks you, strike back for 50%.",counter_attack,dmg_pct=50;per_turn=1;range=1,,E,weapon,0,,,,2
keen,Keen {item},dagger|kunai|jagged_dagger|karambit|scimitar|katana|m1911|compound_bow|hand_wraps|brass_knuckles|flamberge,,"+10% critical chance, and your crits deal x2 instead of x1.5.",attack_mod,crit=10;crit_mult=0.5,,E,weapon,0,,,,2
sundering,Sundering {item},warhammer|axe|flamberge|m1911|brass_knuckles|gauntlets,,Attacks ignore 25% of the target's defense.,attack_mod,def_ignore_pct=25,,E,weapon,0,,,,2
jousting,Jousting {item},lance|trident|javelin|anchor|double_axe|scythe|chaps|platelegs|leather_tassets|robe_bottoms|tights,,"+10% damage for each hex moved this turn before attacking, up to +40%.",attack_mod,dmg_per_hex_moved_pct=10;max_pct=40,,E,weapon,0,,,,2
longshot,Longshot {item},recurve_bow|longbow|compound_bow|flintlock|moon_staff|orb_scepter|sword|rapier|lance|trident|javelin,,+2 range (a reach-1 weapon reaches 2).,range_mod,mult=1;plus=2;dmg_pct=100;melee_plus=1,,E,weapon,0,,,,2
quickdraw,Quickdraw {item},pistol|flintlock|m1911|hatchet|shortbow|ancestral_bow|dagger|kunai|hand_wraps,,Weapon skills recover 1 turn faster.,skill_cd_minus,amount=1;once_per_battle=0,Takes the default cooldown from 2 to 1. Reload is already 0,E,weapon,0,,,,2
throwing,Throwing {item},hatchet|javelin|dagger|kunai|anchor,,Basic attack can be thrown up to 2 extra hexes away for 75% damage.,range_mod,mult=1;plus=2;dmg_pct=75,dmg_pct applies only beyond the weapon's normal range,E,weapon,0,,,,1
guarding,Guarding {item},sword|rapier|warhammer|staff|divine_staff|halberd|moon_staff|orb_scepter|anchor|gauntlets|feathered_cap|feathered_full_helm|wizard_hat|baseball_cap|tilted_beret|tiara|crown|dragoon_helm|single_shoulder_guard|vest|chain_mail|platemail|silken_robe|leather_cuirass|brigandine|scarf|bandolier|gladiator_chestpiece|chaps|platelegs|leather_tassets|robe_bottoms|tights,,"After you attack, take 25% less damage until your next turn; avoid an attack and the next hit on you deals 30% less.",guard,pct=25;when=after_attack;until=next_turn,,E,weapon,0,,guard(pct=30;when=avoided;until=next_hit),,2
conducting,Conducting {item},staff|divine_staff|moon_staff|orb_scepter|recurve_bow|longbow|glaive|naginata|pistol|sword|rapier|scimitar|katana|flamberge|axe|double_axe|scythe|hatchet|warhammer|anchor|lance|trident|javelin|halberd|dagger|kunai|jagged_dagger|karambit|shortbow|ancestral_bow|compound_bow|flintlock|m1911|hand_wraps|brass_knuckles|gauntlets,,"+5% damage per charge level on the target's hex, of any element (up to +25%).",attack_mod,vs_charged_per_level=5;charged_cap=25,,E,weapon,0,,,,1
lancing,Lancing {item},lance|trident|javelin|compound_bow|m1911,,Attacks pass through: the first unit behind the target in the same line takes 75%.,multi_hit,count=2;dmg_pct=75;pattern=line,First hit is full damage; dmg_pct applies to the unit behind,E,weapon,0,,,,2
pummeling,Pummeling {item},hand_wraps|brass_knuckles,,Flurry lands 4 strikes instead of 3.,multi_hit,count=4;skill=flurry,Rides multi_hit with skill=flurry: the basic attack ignores the row. Each strike stays at Flurry's 45%,E,weapon,0,,,,1
rebound,{item} of the Rebound,gauntlets|brass_knuckles,,Uppercut knocks the target 2 hexes back instead of 1 (and slams if anything stops it on the way).,knockback,hexes=1;on=skill;skill=uppercut,on=skill keeps it off basic attacks; hexes add to Uppercut's own 1,E,weapon,0,,,,1
welling,Welling {item},gauntlets|hand_wraps,,Palm Burst pours 3 steps of your element instead of 2 (still capped at +/-3).,cast_step_plus,steps=1;skill=palm_burst,"A weapon row (no element column), so cast_step_plus for casts in general ignores it",E,weapon,0,,,,1
relentless,Relentless {item},sword|rapier|scimitar|katana|flamberge|axe|double_axe|scythe|hatchet|warhammer|anchor|lance|trident|javelin|halberd|glaive|naginata|dagger|kunai|jagged_dagger|karambit|shortbow|ancestral_bow|recurve_bow|longbow|compound_bow|pistol|flintlock|m1911|staff|divine_staff|moon_staff|orb_scepter|hand_wraps|brass_knuckles|gauntlets,,"A KO lets you attack once more this turn (an attack only, no move). Once per turn.",on_event,on=kill;do=action;per_turn=1,,B,on_kill,0,,,,3
pursuit,{item} of Pursuit,chaps|platelegs|leather_tassets|robe_bottoms|tights|feathered_cap|feathered_full_helm|wizard_hat|baseball_cap|tilted_beret|tiara|crown|dragoon_helm,,A KO lets you move 2 more this turn; a KO by an ally within 2 gives you +2 move on your next turn.,on_event,on=kill;do=move;hexes=2,,D,on_kill,0,,on_event(on=ally_kill;do=move;hexes=2;radius=2;next=1),,2
death_knell,{item} of the Death Knell,sword|rapier|scimitar|katana|flamberge|axe|double_axe|scythe|hatchet|warhammer|anchor|lance|trident|javelin|halberd|glaive|naginata|dagger|kunai|jagged_dagger|karambit|shortbow|ancestral_bow|recurve_bow|longbow|compound_bow|pistol|flintlock|m1911|staff|divine_staff|moon_staff|orb_scepter|hand_wraps|brass_knuckles|gauntlets|single_shoulder_guard|vest|chain_mail|platemail|silken_robe|leather_cuirass|brigandine|scarf|bandolier|gladiator_chestpiece,,A KO bursts the victim's hex: foes within 1 take 10% of their max HP. A burst KO never sets off on-kill effects.,on_event,on=kill;do=blast;pct=10;radius=1,,C,on_kill,0,,,,2
wake,{item} of the Wake,feathered_cap|feathered_full_helm|wizard_hat|baseball_cap|tilted_beret|tiara|crown|dragoon_helm|single_shoulder_guard|vest|chain_mail|platemail|silken_robe|leather_cuirass|brigandine|scarf|bandolier|gladiator_chestpiece|chaps|platelegs|leather_tassets|robe_bottoms|tights,,"A KO lays 1 step of your attuned element on the victim's hex and the ring around it, as spread (it never fires a marker and skips glazes).",on_event,on=kill;do=paint;step=1;radius=1;element=attuned,,C,on_kill,0,,,,1
feast,Feasting {item},single_shoulder_guard|vest|chain_mail|platemail|silken_robe|leather_cuirass|brigandine|scarf|bandolier|gladiator_chestpiece|feathered_cap|feathered_full_helm|wizard_hat|baseball_cap|tilted_beret|tiara|crown|dragoon_helm,,A KO heals you 15% of your max HP and allies within 2 for 8% of theirs.,on_event,on=kill;do=heal;pct=15,,D,on_kill,0,,on_event(on=kill;do=heal;target=allies;radius=2;pct=8),,2
rallying,Rallying {item},feathered_cap|feathered_full_helm|wizard_hat|baseball_cap|tilted_beret|tiara|crown|dragoon_helm|single_shoulder_guard|vest|chain_mail|platemail|silken_robe|leather_cuirass|brigandine|scarf|bandolier|gladiator_chestpiece,,A KO gives allies within 2 +10% damage on their next turn.,on_event,on=kill;do=empower;target=allies;radius=2;dmg_pct=10;uses=turn,,C,on_kill,0,,,,1
leeching,Leeching {item},sword|rapier|scimitar|katana|flamberge|axe|double_axe|scythe|hatchet|warhammer|anchor|lance|trident|javelin|halberd|glaive|naginata|dagger|kunai|jagged_dagger|karambit|shortbow|ancestral_bow|recurve_bow|longbow|compound_bow|pistol|flintlock|m1911|staff|divine_staff|moon_staff|orb_scepter|hand_wraps|brass_knuckles|gauntlets,,"Heal 15% of the damage your direct hits deal (never tiles, arcs or bursts).",on_event,on=dealt;do=heal;pct_of=15,,C,recovery,0,,,,2
mend_link,Mend-Linked {item},single_shoulder_guard|vest|chain_mail|platemail|silken_robe|leather_cuirass|brigandine|scarf|bandolier|gladiator_chestpiece,,Any heal you receive also heals the most-hurt ally within 2 for half as much. The echo never echoes.,on_event,on=healed;do=heal;target=lowest_ally;radius=2;share=50,,B,recovery,0,,,,2
steady_hand,Steady {item},sword|rapier|scimitar|katana|flamberge|axe|double_axe|scythe|hatchet|warhammer|anchor|lance|trident|javelin|halberd|glaive|naginata|dagger|kunai|jagged_dagger|karambit|shortbow|ancestral_bow|recurve_bow|longbow|compound_bow|pistol|flintlock|m1911|staff|divine_staff|moon_staff|orb_scepter|hand_wraps|brass_knuckles|gauntlets|feathered_cap|feathered_full_helm|wizard_hat|baseball_cap|tilted_beret|tiara|crown|dragoon_helm,,"A missed basic attack still deals 25% and lays 1 step of your attuned element on the target's hex; after an action of yours misses completely, your next attack can't be avoided.",pity,kind=miss,,D,rng,0,,pity(kind=graze;pct=25) | lay_on(trigger=miss;where=target;step=1;chance=100;element=attuned),,1
follow_through,{item} of Follow-Through,sword|rapier|scimitar|katana|flamberge|axe|double_axe|scythe|hatchet|warhammer|anchor|lance|trident|javelin|halberd|glaive|naginata|dagger|kunai|jagged_dagger|karambit|shortbow|ancestral_bow|recurve_bow|longbow|compound_bow|pistol|flintlock|m1911|staff|divine_staff|moon_staff|orb_scepter|hand_wraps|brass_knuckles|gauntlets,,"After one of your hits glances, your next strike deals x2. That strike can't crit.",pity,kind=glance;mult=2,,C,rng,0,,,,1
building_pressure,Pressing {item},sword|rapier|scimitar|katana|flamberge|axe|double_axe|scythe|hatchet|warhammer|anchor|lance|trident|javelin|halberd|glaive|naginata|dagger|kunai|jagged_dagger|karambit|shortbow|ancestral_bow|recurve_bow|longbow|compound_bow|pistol|flintlock|m1911|staff|divine_staff|moon_staff|orb_scepter|hand_wraps|brass_knuckles|gauntlets|feathered_cap|feathered_full_helm|wizard_hat|baseball_cap|tilted_beret|tiara|crown|dragoon_helm,,"+8 crit for each of your hits that doesn't crit, up to +40. A crit resets it.",pity,kind=crit;per=8;cap=40,,D,rng,0,,,,2
second_opinion,{item} of Second Opinion,sword|rapier|scimitar|katana|flamberge|axe|double_axe|scythe|hatchet|warhammer|anchor|lance|trident|javelin|halberd|glaive|naginata|dagger|kunai|jagged_dagger|karambit|shortbow|ancestral_bow|recurve_bow|longbow|compound_bow|pistol|flintlock|m1911|staff|divine_staff|moon_staff|orb_scepter|hand_wraps|brass_knuckles|gauntlets|feathered_cap|feathered_full_helm|wizard_hat|baseball_cap|tilted_beret|tiara|crown|dragoon_helm,,"Advantage: when a foe rolls to resist your element, it rolls twice and you keep the better roll. Then 3 turns to recharge.",pity,kind=resist;side=att;cd=3,,C,rng,0,,,,1
second_chance,{item} of Second Chance,feathered_cap|feathered_full_helm|wizard_hat|baseball_cap|tilted_beret|tiara|crown|dragoon_helm,,"Once per battle, your first miss is re-rolled.",pity,kind=reroll;once=1,,E,rng,0,,,,1
kiting,Kiting {item},chaps|platelegs|leather_tassets|robe_bottoms|tights,,"+5 avoid for each hex you moved this turn, up to +20, until your next turn.",aura_mod,avoid_per_hex_moved=5;avoid_cap=20,,D,momentum,0,,,,1
flanker,Flanking {item},sword|rapier|scimitar|katana|flamberge|axe|double_axe|scythe|hatchet|warhammer|anchor|lance|trident|javelin|halberd|glaive|naginata|dagger|kunai|jagged_dagger|karambit|shortbow|ancestral_bow|recurve_bow|longbow|compound_bow|pistol|flintlock|m1911|staff|divine_staff|moon_staff|orb_scepter|hand_wraps|brass_knuckles|gauntlets|feathered_cap|feathered_full_helm|wizard_hat|baseball_cap|tilted_beret|tiara|crown|dragoon_helm,,+20% damage on rear and rear-flank blows.,attack_mod,rear_pct=20,,C,momentum,0,,,,2
lone_wolf,Lone Wolf {item},feathered_cap|feathered_full_helm|wizard_hat|baseball_cap|tilted_beret|tiara|crown|dragoon_helm|chaps|platelegs|leather_tassets|robe_bottoms|tights,,With no ally within 2: +15% damage and +10 avoid.,attack_mod,alone_dmg_pct=15;alone_avoid=10,,C,momentum,0,,,,2
planted,Planted {item},chaps|platelegs|leather_tassets|robe_bottoms|tights,,"If you didn't move this turn: +20% damage, and you can't be displaced until your next turn.",attack_mod,still_pct=20,,D,momentum,0,,,,2
disengage,Disengaging {item},chaps|platelegs|leather_tassets|robe_bottoms|tights,,"Once per enemy turn, when an adjacent foe hits you or you avoid its attack, step 1 hex away.",on_event,on=struck;do=step;hexes=1;melee_only=1;per_turn=1,,C,momentum,0,,on_event(on=avoided;do=step;hexes=1;melee_only=1;per_turn=1),,1
conductor,Conductor's {item},single_shoulder_guard|vest|chain_mail|platemail|silken_robe|leather_cuirass|brigandine|scarf|bandolier|gladiator_chestpiece|feathered_cap|feathered_full_helm|wizard_hat|baseball_cap|tilted_beret|tiara|crown|dragoon_helm,thunder,"Chain arcs you cause heal you 50% of the arc, and your detonations heal you 10% of the blast damage they deal to foes.",on_event,on=chain;do=heal;pct_of=50,,B,elemental,0,,on_event(on=detonate;do=heal;pct_of=10),,3
windrider,Windrider {item},single_shoulder_guard|vest|chain_mail|platemail|silken_robe|leather_cuirass|brigandine|scarf|bandolier|gladiator_chestpiece|chaps|platelegs|leather_tassets|robe_bottoms|tights,wind,Allies (you too) under your gale copies get +1 move on their next turn.,on_event,on=gale;do=move;hexes=1;target=allies,,C,elemental,0,,,,2
last_stand,Last Stand {item},single_shoulder_guard|vest|chain_mail|platemail|silken_robe|leather_cuirass|brigandine|scarf|bandolier|gladiator_chestpiece|chaps|platelegs|leather_tassets|robe_bottoms|tights,,"Below 30% HP, take 25% less damage.",damage_taken_mod,source=any;below_hp=30;pct=-25,,C,defensive,0,,,,1
thorned,Thorned {item},single_shoulder_guard|vest|chain_mail|platemail|silken_robe|leather_cuirass|brigandine|scarf|bandolier|gladiator_chestpiece,,A foe that hits you in melee takes 20% of the damage it dealt.,on_event,on=struck;do=reflect;pct_of=20;melee_only=1,,D,defensive,0,,,,1
unshaken,Unshaken {item},feathered_cap|feathered_full_helm|wizard_hat|baseball_cap|tilted_beret|tiara|crown|dragoon_helm,,The first status laid on you each battle is ignored.,immune,what=status;once=1,,D,defensive,0,,,,1
bulwark,Bulwark {item},single_shoulder_guard|vest|chain_mail|platemail|silken_robe|leather_cuirass|brigandine|scarf|bandolier|gladiator_chestpiece,,A single hit above 20% of your max HP deals only half of the excess.,damage_taken_mod,cap_pct=20;excess=50,,B,defensive,0,,,,2
undying,Undying {item},single_shoulder_guard|vest|chain_mail|platemail|silken_robe|leather_cuirass|brigandine|scarf|bandolier|gladiator_chestpiece,,"Once per battle, a blow that would knock you out leaves you at 1 HP.",immune,what=ko;once=1,,A,defensive,0,,,,3
bloodpact,Bloodpact {item},sword|rapier|scimitar|katana|flamberge|axe|double_axe|scythe|hatchet|warhammer|anchor|lance|trident|javelin|halberd|glaive|naginata|dagger|kunai|jagged_dagger|karambit|shortbow|ancestral_bow|recurve_bow|longbow|compound_bow|pistol|flintlock|m1911|staff|divine_staff|moon_staff|orb_scepter|hand_wraps|brass_knuckles|gauntlets,,+25% damage.,attack_mod,dmg_pct=25,,B,cursed,1,Every action costs 4% of your max HP (never below 1 HP).,,hp_cost=4,3
glass,Glass {item},feathered_cap|feathered_full_helm|wizard_hat|baseball_cap|tilted_beret|tiara|crown|dragoon_helm,,"+20 crit, and your crits deal x2.",attack_mod,crit=20;crit_mult=0.5,,B,cursed,1,You're always Scorched: attacks on you deal +10%.,,status=scorched,2
forsaken,Forsaken {item},sword|rapier|scimitar|katana|flamberge|axe|double_axe|scythe|hatchet|warhammer|anchor|lance|trident|javelin|halberd|glaive|naginata|dagger|kunai|jagged_dagger|karambit|shortbow|ancestral_bow|recurve_bow|longbow|compound_bow|pistol|flintlock|m1911|staff|divine_staff|moon_staff|orb_scepter|hand_wraps|brass_knuckles|gauntlets|chaps|platelegs|leather_tassets|robe_bottoms|tights,,+5% damage for every 10% of your HP missing.,attack_mod,dmg_per_missing10=5,,B,cursed,1,Light can't heal you.,,no_light_heal=1,2
hollow,Hollow {item},single_shoulder_guard|vest|chain_mail|platemail|silken_robe|leather_cuirass|brigandine|scarf|bandolier|gladiator_chestpiece,,+15% damage and 15% less damage taken.,attack_mod,dmg_pct=15,,A,cursed,1,Nothing can heal you.,damage_taken_mod(source=any;pct=-15),no_heal=1,3
gamblers,Gambler's {item},sword|rapier|scimitar|katana|flamberge|axe|double_axe|scythe|hatchet|warhammer|anchor|lance|trident|javelin|halberd|glaive|naginata|dagger|kunai|jagged_dagger|karambit|shortbow|ancestral_bow|recurve_bow|longbow|compound_bow|pistol|flintlock|m1911|staff|divine_staff|moon_staff|orb_scepter|hand_wraps|brass_knuckles|gauntlets,,Your crits deal x2.5.,attack_mod,crit_mult=1.0;nocrit_pct=85,,B,cursed,1,Your hits that don't crit deal 85%.,,inherent=1,2
leaden,Leaden {item},chaps|platelegs|leather_tassets|robe_bottoms|tights,,+30% damage and 20% less damage taken.,attack_mod,dmg_pct=30,,B,cursed,1,-2 move.,damage_taken_mod(source=any;pct=-20),move=-2,3
pyre,Pyre {item},feathered_cap|feathered_full_helm|wizard_hat|baseball_cap|tilted_beret|tiara|crown|dragoon_helm|single_shoulder_guard|vest|chain_mail|platemail|silken_robe|leather_cuirass|brigandine|scarf|bandolier|gladiator_chestpiece|chaps|platelegs|leather_tassets|robe_bottoms|tights,fire,Your fire tiles are 50% stronger.,tile_potency_pct,pct=50,,B,cursed,1,You take 50% more damage from fire tiles (Ember Skin's halving still applies).,,fire_taken_pct=50,3
lightning_touched,Lightning-Touched {item},single_shoulder_guard|vest|chain_mail|platemail|silken_robe|leather_cuirass|brigandine|scarf|bandolier|gladiator_chestpiece,thunder,Chain arcs you cause deal 100% instead of 50%.,element_damage_pct,pct=0;chain_pct=100,,A,cursed,1,You're always conductive: damage you take arcs 50% to your nearest ally.,,conductive=1,3
reckless,Reckless {item},feathered_cap|feathered_full_helm|wizard_hat|baseball_cap|tilted_beret|tiara|crown|dragoon_helm,,Weapon skills recover 1 turn faster.,skill_cd_minus,amount=1;once_per_battle=0,,B,cursed,1,You can't glance.,,no_glance=1,2
martyrs,Martyr's {item},single_shoulder_guard|vest|chain_mail|platemail|silken_robe|leather_cuirass|brigandine|scarf|bandolier|gladiator_chestpiece,,Allies within 2 take 15% less damage.,aura_mod,radius=2;allies=1;taken_pct=-15,,B,cursed,1,You take 15% more damage.,,taken_pct=15,2
bodyguard,Bodyguard's {item},chaps|platelegs|leather_tassets|robe_bottoms|tights|single_shoulder_guard|vest|chain_mail|platemail|silken_robe|leather_cuirass|brigandine|scarf|bandolier|gladiator_chestpiece,,"Once per turn, your move can be a swap: trade places with an ally within 2 for 1 move. Once per battle, an ally within 3 dropping below 25% HP trades places with you.",swap,mode=move;radius=2;cost=1,,C,team,0,,swap(on=ally_low;threshold=25;radius=3;once=1),,2
covering,Covering {item},single_shoulder_guard|vest|chain_mail|platemail|silken_robe|leather_cuirass|brigandine|scarf|bandolier|gladiator_chestpiece,,You take 25% of the damage aimed at an adjacent ally.,damage_taken_mod,cover_pct=25;radius=1,,D,team,0,,,,1
spotter,Spotter's {item},sword|rapier|scimitar|katana|flamberge|axe|double_axe|scythe|hatchet|warhammer|anchor|lance|trident|javelin|halberd|glaive|naginata|dagger|kunai|jagged_dagger|karambit|shortbow|ancestral_bow|recurve_bow|longbow|compound_bow|pistol|flintlock|m1911|staff|divine_staff|moon_staff|orb_scepter|hand_wraps|brass_knuckles|gauntlets|feathered_cap|feathered_full_helm|wizard_hat|baseball_cap|tilted_beret|tiara|crown|dragoon_helm,,A foe your basic attack hits is Scorched (attacks on it deal +10%).,hit_status,on=any;min=0;basic=1;status=scorched,,D,team,0,,,,2
sheltering,Sheltering {item},feathered_cap|feathered_full_helm|wizard_hat|baseball_cap|tilted_beret|tiara|crown|dragoon_helm|single_shoulder_guard|vest|chain_mail|platemail|silken_robe|leather_cuirass|brigandine|scarf|bandolier|gladiator_chestpiece,,"Start your turn: the most-hurt ally within 2 is Sheltered (its next hit deals 30% less). Once per ally per battle, an ally dropping below 35% HP gets a 25% guard until its next turn.",on_event,on=turn_start;do=shield;target=lowest_ally;radius=2;pct=30,,C,team,0,,on_event(on=ally_low;do=guard;pct=25;threshold=35;radius=99),,2
pincer,{item} of the Pincer,sword|rapier|scimitar|katana|flamberge|axe|double_axe|scythe|hatchet|warhammer|anchor|lance|trident|javelin|halberd|glaive|naginata|dagger|kunai|jagged_dagger|karambit|shortbow|ancestral_bow|recurve_bow|longbow|compound_bow|pistol|flintlock|m1911|staff|divine_staff|moon_staff|orb_scepter|hand_wraps|brass_knuckles|gauntlets,,"Once per turn, when your basic attack hits, an ally next to that foe strikes it too for 50%.",on_event,on=hit;do=assist;share=50;per_turn=1,,B,team,0,,,,3
lockstep,Lockstep {item},chaps|platelegs|leather_tassets|robe_bottoms|tights|single_shoulder_guard|vest|chain_mail|platemail|silken_robe|leather_cuirass|brigandine|scarf|bandolier|gladiator_chestpiece,,For each adjacent ally (up to 3) you take 5% less damage and deal 5% more; allies next to you take 5% less and deal 5% more.,damage_taken_mod,per_adjacent_ally=-5;max_pct=15,,D,momentum,0,,attack_mod(dmg_per_adjacent_ally=5;adj_max_pct=15) | aura_mod(radius=1;allies=1;dmg_pct=5;taken_pct=-5),,2
conflagration,{item} of Conflagration,single_shoulder_guard|vest|chain_mail|platemail|silken_robe|leather_cuirass|brigandine|scarf|bandolier|gladiator_chestpiece|feathered_cap|feathered_full_helm|wizard_hat|baseball_cap|tilted_beret|tiara|crown|dragoon_helm,fire,Your eruptions chain once: a ring hex your eruption raised to fire 3 erupts too (depth 2 at most). Each hex erupts once per action.,keystone,id=conflagration,"D443: the old keystone, now an enchantment",B,keystone,0,,,,3
phoenix_heart,{item} of the Phoenix,single_shoulder_guard|vest|chain_mail|platemail|silken_robe|leather_cuirass|brigandine|scarf|bandolier|gladiator_chestpiece,fire,"Your own fire never damages you. Starting your turn on fire 3, you heal what it would have burned (12%). Once per battle, a KO blow on you while you stand on fire leaves you at 1 HP and Overheats your hex.",keystone,id=phoenix_heart,"D443: the old keystone, now an enchantment",B,keystone,0,,,,3
doom,{item} of Doom,sword|rapier|scimitar|katana|flamberge|axe|double_axe|scythe|hatchet|warhammer|anchor|lance|trident|javelin|halberd|glaive|naginata|dagger|kunai|jagged_dagger|karambit|shortbow|ancestral_bow|recurve_bow|longbow|compound_bow|pistol|flintlock|m1911|staff|divine_staff|moon_staff|orb_scepter|feathered_cap|feathered_full_helm|wizard_hat|baseball_cap|tilted_beret|tiara|crown|dragoon_helm,dark,"A foe reaching 3 Rot is Doomed: at the end of its next turn it takes 15% max HP plus 5% per Rot, and 50% of that hits adjacent foes; then its Rot clears. Once per foe per battle.",keystone,id=doom,"D443: the old keystone, now an enchantment",B,keystone,0,,,,3
contagion,Contagious {item},feathered_cap|feathered_full_helm|wizard_hat|baseball_cap|tilted_beret|tiara|crown|dragoon_helm|single_shoulder_guard|vest|chain_mail|platemail|silken_robe|leather_cuirass|brigandine|scarf|bandolier|gladiator_chestpiece,dark,"When a foe with Rot is KO'd, its Rot jumps to every foe within 2 (+1 stack each, capped at 3).",keystone,id=contagion,"D443: the old keystone, now an enchantment",B,keystone,0,,,,2
daisy_chain,{item} of the Daisy Chain,sword|rapier|scimitar|katana|flamberge|axe|double_axe|scythe|hatchet|warhammer|anchor|lance|trident|javelin|halberd|glaive|naginata|dagger|kunai|jagged_dagger|karambit|shortbow|ancestral_bow|recurve_bow|longbow|compound_bow|pistol|flintlock|m1911|staff|divine_staff|moon_staff|orb_scepter|single_shoulder_guard|vest|chain_mail|platemail|silken_robe|leather_cuirass|brigandine|scarf|bandolier|gladiator_chestpiece,thunder,"Once per turn, when your fuse detonates, one other fuse of yours within 3 detonates in the same action (an empty fuse blows at the 5% base). Nothing chains further.",keystone,id=daisy_chain,"D443: the old keystone, now an enchantment",B,keystone,0,,,,2
eye_of_vortex,{item} of the Vortex,feathered_cap|feathered_full_helm|wizard_hat|baseball_cap|tilted_beret|tiara|crown|dragoon_helm|sword|rapier|scimitar|katana|flamberge|axe|double_axe|scythe|hatchet|warhammer|anchor|lance|trident|javelin|halberd|glaive|naginata|dagger|kunai|jagged_dagger|karambit|shortbow|ancestral_bow|recurve_bow|longbow|compound_bow|pistol|flintlock|m1911|staff|divine_staff|moon_staff|orb_scepter,wind,Your wind skills' Draw in reaches foes within 2 of the area (not 1) and pulls each up to 2 hexes toward its centre. They stop at the first blocked hex (no slam).,keystone,id=eye_of_vortex,"D443: the old keystone, now an enchantment",B,keystone,0,,,,2
sure_footed,Sure-Footed {item},chaps|platelegs|leather_tassets|robe_bottoms|tights,ice,"You and allies within 2 are never Unsteady on glaze. A foe that walks off your glaze stays Unsteady (-10 avoid, -15 glance) until the end of its next turn.",keystone,id=skater,"D443: the old keystone, now an enchantment",B,keystone,0,,,,2
event_horizon,{item} of the Event Horizon,single_shoulder_guard|vest|chain_mail|platemail|silken_robe|leather_cuirass|brigandine|scarf|bandolier|gladiator_chestpiece|chaps|platelegs|leather_tassets|robe_bottoms|tights,dark,"At the tick, foes within 2 of your dark 3 are pulled 1 toward it (counts against the wind field cap), and a foe standing on your dark 3 can't be healed.",keystone,id=event_horizon,"D443: the old keystone, now an enchantment",C,keystone,0,,,,2
ward_of_light,{item} of the Ward of Light,single_shoulder_guard|vest|chain_mail|platemail|silken_robe|leather_cuirass|brigandine|scarf|bandolier|gladiator_chestpiece|feathered_cap|feathered_full_helm|wizard_hat|baseball_cap|tilted_beret|tiara|crown|dragoon_helm,light,Light healing you lay beyond max HP becomes a Ward of Light: a shield up to 15% of max HP that lasts until hit or 2 cycles. Beams you're part of Empower +25% instead of +15%.,keystone,id=overflow,"D443: the old keystone, now an enchantment",C,keystone,0,,,,2
wellspring,Wellspring {item},single_shoulder_guard|vest|chain_mail|platemail|silken_robe|leather_cuirass|brigandine|scarf|bandolier|gladiator_chestpiece|chaps|platelegs|leather_tassets|robe_bottoms|tights,water,You and allies standing in your water heal 4% per level at the tick (4/8/12%). It doesn't stack with light healing on the same hex; the higher counts.,keystone,id=wellspring,"D443: the old keystone, now an enchantment",B,keystone,0,,,,2
magnify,Magnifying {item},feathered_cap|feathered_full_helm|wizard_hat|baseball_cap|tilted_beret|tiara|crown|dragoon_helm,light,"An ally (not you) standing on your light casts its first element or area skill each turn magnified, once per ally per turn: +1 radius on an AoE shape of radius 1-2 (never past 3), or else +1 charge step on its paint (the axis caps at 3).",keystone,id=magnify,"D443: the old keystone, now an enchantment",B,keystone,0,,,,2
