id,name,slot,weight,stat_lines,ability_id,notes,hides_hair
feathered_cap,Feathered Cap,head,ranger,dex|spd,deadeye,Robin Hood cap; the feather takes the element colour,top
feathered_full_helm,Feathered Full Helm,head,heavy,def|con,unflinching|hardened,The brief's 'full helm'; plume takes the element colour,all
wizard_hat,Wizard Hat,head,wizard,wil|res,imbued|attuned,Band takes the element colour,top
baseball_cap,Baseball Cap,head,ranger,spd|dex,scouts_lead,Logo patch takes the element colour,top
tilted_beret,Tilted Beret,head,ranger,dex|wil,flair|crowd_pleaser,Pin takes the element colour; leans dex with a little wil,top
tiara,Tiara,head,wizard,res|wil,mana_veil|poise,Centre gem takes the element colour,none
crown,Crown,head,wizard,wil|con,royal_presence|heavy_is_the_head,Wizard weight: a crown commands rather than protects. Gems take the element colour,none
dragoon_helm,Dragoon Helm,head,heavy,str|def,leap_ready|dragoons_descent,Crest fin takes the element colour,all
single_shoulder_guard,Single Shoulder Guard,chest,ranger,def|dex,bastion|iron_wall,One pauldron over bare clothing; light enough for a ranger. Strap takes the element colour,
vest,Vest,chest,ranger,dex|spd,crosstrained|second_wind,Lining takes the element colour,
chain_mail,Chain Mail,chest,heavy,def|con,bastion|guardian,Collar trim takes the element colour,
platemail,Platemail,chest,heavy,def|str|con,bastion|guardian|unbowed,The heaviest chest; three stat lines. Tabard takes the element colour,
silken_robe,Silken Robe,chest,wizard,wil|res,iron_wall|crosstrained|mana_veil,Sash takes the element colour,
leather_cuirass,Leather Cuirass,chest,ranger,dex|def,acrobat|scouts_lead,Stitching takes the element colour,
brigandine,Brigandine,chest,heavy,str|def,crosstrained|hardened,Cloth cover takes the element colour,
scarf,Scarf,chest,wizard,res|spd,leap_ready|mana_veil,The whole scarf takes the element colour (it is the splash),
bandolier,Bandolier,chest,ranger,dex|spd,quick_draw|ammo_belt,Cartridge caps take the element colour,
gladiator_chestpiece,Gladiator Chestpiece,chest,heavy,str|con,crowd_pleaser|flair,Single-shoulder manica and belt; belt takes the element colour,
chaps,Chaps,legs,ranger,dex|spd,second_wind|sure_stride,Fringe takes the element colour,
platelegs,Platelegs,legs,heavy,def|res,iron_wall|unbowed,Knee rivets take the element colour,
leather_tassets,Leather Tassets,legs,heavy,str|def,bloodied,Heavy weight because Enrage is a str/def ability. Lacing takes the element colour,
robe_bottoms,Robe Bottoms,legs,wizard,wil|res,iron_wall|crosstrained|sure_stride,Hem takes the element colour,
tights,Tights,legs,ranger,spd|dex,acrobat|poise,Stripe takes the element colour,
sword,Sword,main_hand,sword,str|spd,,The plain duelist blade,
scimitar,Scimitar,main_hand,sword,str|dex,,"Curved, quick; leans dex",
flamberge,Flamberge,main_hand,sword,str|con,,Wavy two-hander; leans con,
rapier,Rapier,main_hand,sword,str|def,,"Thin thrusting blade, swept hilt; leans def (D502)",
katana,Katana,main_hand,sword,str|dex,,"Curved two-hander, long grip; leans dex (D502)",
axe,Axe,main_hand,axe,str|con,,,
double_axe,Double Axe,main_hand,axe,str|def,,Brief's 'double axe of cleaving' lives here,
hatchet,Hatchet,main_hand,axe,str|spd,,"Light, throwable",
warhammer,Warhammer,main_hand,axe,str|def,,Axe class (D9); blunt,
anchor,Anchor,main_hand,axe,str|con,,Axe class (D9); chain-swung,
scythe,Scythe,main_hand,axe,str|dex,,"Reaper's scythe, swung like a two-handed axe; leans dex (D502)",
lance,Lance,main_hand,lance,str|def,,,
javelin,Javelin,main_hand,lance,str|dex,,Throwable,
halberd,Halberd,main_hand,lance,str|def,,Hook and blade,
glaive,Glaive,main_hand,lance,str|spd,,Sweeping blade on a pole,
trident,Trident,main_hand,lance,str|con,,"Three barbed prongs; leans con (D502)",
naginata,Naginata,main_hand,lance,str|dex,,"Curved blade on a pole; leans dex (D502)",
dagger,Dagger,main_hand,daggers,dex|spd,,,
jagged_dagger,Jagged Dagger,main_hand,daggers,dex|str,,Serrated,
kunai,Kunai,main_hand,daggers,dex|def,,"Leaf blade, ring pommel; leans def (D502)",
karambit,Karambit,main_hand,daggers,dex|con,,"Claw blade, finger ring; leans con (D502)",
shortbow,Shortbow,main_hand,bow,dex|spd,,,
recurve_bow,Recurve Bow,main_hand,bow,dex|str,,"Curled tips; leans str (the brief's 'longbow' is its own row since D502)",
compound_bow,Compound Bow,main_hand,bow,dex|def,,,
longbow,Longbow,main_hand,bow,dex|con,,"Tall plain self bow; leans con (D502)",
ancestral_bow,Ancestral Bow,main_hand,bow,dex|wil,,"Old carved bow, feathers tied on; leans wil (D502)",
pistol,Pistol,main_hand,pistols,dex|spd,,,
flintlock,Flintlock,main_hand,pistols,dex|str,,,
m1911,M1911,main_hand,pistols,dex|def,,,
staff,Staff,main_hand,staff,wil|res,,,
moon_staff,Moon Staff,main_hand,staff,wil|spd,,,
divine_staff,Divine Staff,main_hand,staff,wil|con,,"Haloed head, hanging baubles; leans con (D502)",
orb_scepter,Orb Scepter,main_hand,staff,wil|dex,,"Short caged orb; leans dex (D502)",
hand_wraps,Hand Wraps,main_hand,fists,str|spd,,"Cloth wraps over the knuckles; the light, quick pair. Wrap bands take the element colour",
brass_knuckles,Brass Knuckles,main_hand,fists,str|dex,,A four-ring duster over a short wrap; leans dex for crits. The knuckle face takes the element colour,
gauntlets,Gauntlets,main_hand,fists,str|def,,Plated fists with a flared cuff; the heavy pair. The knuckle plate takes the element colour,
