id,element,name,text,kind,params
eye_of_vortex,wind,Eye of the Vortex,"Your Vortex gales pull everyone within 2, up to 2 hexes, toward the centre, when they fire and at the tick. Units stop at the first blocked hex (no slam). One of your Vortex gales acts per tick (the newest).",passive,radius=2;pull=2;per_tick=1
wind_wall,wind,Wind Wall,"Action, cooldown 3: raise a line of 3 wall hexes (empty hexes) starting within 3 of you, for 2 ticks. It blocks movement and skills both ways; basic attacks pierce it. One wall at a time.",action,cooldown=3;range=3;length=3;ticks=2
jetstream,wind,Jetstream,"Wind on a gale 2 makes a gale 3 (copies to radius 3). Your copies last 2 cycles and your Gust fields push 2. The field cap (2 hexes per cycle) still applies.",passive,gale_max=3;copy_cycles=2;gust_push=2
skater,ice,Skater,"You never slide unless you choose to; on a slide line you choose where to stop. Ice hexes cost you 0 move for the first 4 each turn, then 1.",passive,free_ice=4
flash_freeze,ice,Flash Freeze,"Once per battle, range 3, on a foe: it is Frozen. It skips its next turn, can't be displaced except by a slide, counts as standing on glaze, and its next hit taken is x2 (which thaws it). A boss doesn't skip its turn but still takes the x2.",action,range=3;once=1;mult=2
glacier_wall,ice,Glacier Wall,"Your pillars last all battle (still 4 at most) until melted or shattered. Target your own pillar with a basic or a skill to shatter it: 12% to all six neighbours, both teams, and a push of 1 away.",passive,shatter_pct=12;push=1
prism,light,Prism,"Your beams can bend once at a third ally on light, so a beam has up to 2 segments. Allies on your beams also heal 5% at the tick.",passive,bends=1;heal_pct=5
overflow,light,Overflow,"Light healing beyond max HP becomes a Ward of Light: a shield up to 15% of max HP that lasts until hit or 2 cycles. Your Empowered allies get +25% instead of +15%.",passive,ward_pct=15;ward_cycles=2;empower_pct=25
magnify,light,Magnify,"An ally (not you) standing on your light casts its first element or area skill each turn magnified, once per ally per turn: +1 radius on an AoE shape of radius 1-2 (never past 3), or else +1 charge step on its paint (the axis caps at 3).",passive,radius=1;charge=1;cap=3
tidal_release,water,Tidal Release,"Action, cooldown 4: pick a pool hex within 3 and a heading. The pool drains, and a wave runs along the line (as long as the pool, max 6), pushing every unit on it 3 along it. The line gets water 2.",action,cooldown=4;range=3;max_len=6;push=3;water=2
riptide,water,Riptide,"At the start of your turn, every foe standing in water within 4 of you is pulled 1 toward you (counts against the wind field cap).",passive,radius=4;pull=1
wellspring,water,Wellspring,"You and allies standing in your water heal 4% per level at the tick (4/8/12%). It doesn't stack with light healing on the same hex; the higher counts.",passive,per_level=4
conflagration,fire,Conflagration,"Your eruptions chain once: a ring hex your eruption raised to fire 3 erupts too (depth 2 at most). Each hex erupts once per action.",passive,depth=2
trailblazer,fire,Trailblazer,"Every hex you leave on a walk gets fire 1, up to 4 per turn. You take no crossing damage.",passive,per_turn=4
phoenix_heart,fire,Phoenix Heart,"Your own fire never damages you. Starting your turn on fire 3, you heal what it would have burned (12%). Once per battle, a KO blow on you while you stand on fire leaves you at 1 HP and Overheats your hex.",passive,heal_pct=12;once=1
contagion,dark,Contagion,"When a foe with Rot is KO'd, its Rot jumps to every foe within 2 (+1 stack each, capped at 3).",passive,radius=2;stacks=1
doom,dark,Doom,"A foe reaching 3 Rot is Doomed: at the end of its next turn it takes 15% max HP plus 5% per Rot, and 50% of that hits adjacent foes; then its Rot clears. Once per foe per battle.",passive,base_pct=15;per_rot=5;splash=50
event_horizon,dark,Event Horizon,"At the tick, foes within 2 of your dark 3 are pulled 1 toward it (counts against the wind field cap), and a foe standing on your dark 3 can't be healed.",passive,radius=2;pull=1
static_blades,thunder,Static Blades,"Each basic hit you land arms your fuse on the target's hex (if it holds no charge). A backstab on a foe standing on your fuse detonates it: 12% to the occupant and 6% splash, plus your thunder bonus. One burst per turn, one Static Blade fuse per foe.",passive,burst_pct=12;splash_pct=6
blast_rider,thunder,Blast Rider,"You're immune to your own detonations. When a detonation you cause is on your own hex, it splashes as normal and you're launched: move 2 after the action (replaces Bolt Step's +2). Once per turn; you can't re-arm your own hex until your next turn.",passive,launch=2;once_per_turn=1
daisy_chain,thunder,Daisy Chain,"Once per turn, when your fuse detonates, one other fuse of yours within 3 detonates in the same action (an empty fuse blows at the 5% base). Nothing chains further.",passive,radius=3;empty_pct=5
