id,element,name,effect_text,effect_key,params
water_walk,water,Waterwalking,Entering a water hex costs you 0 move at any level.,move_cost,on=water;cost=0
water_flow,water,Flow State,You and your allies standing in water get +3/+6/+9 avoid (water 1/2/3).,stand_on_mod,on=water;side=def;stage=avoid;per_point=3;team=1
water_push,water,Current Push,Attacking from water: +5/+10/+15% damage (water 1/2/3).,stand_on_mod,on=water;side=att;stage=dmg;per_point=5
water_guard,water,Tidal Guard,While you stand in water: +15 glance chance per water level (15/30/45).,stand_on_mod,on=water;side=def;stage=glance;per_point=15
water_undertow,water,Undertow,"While you live and any water 3 is on the board, foes get +1 move toward the nearest water 3, normal move level with it and -1 move away from it.",undertow,move=1;level=3
fire_rush,fire,Heat Rush,No fire crossing damage. The first fire hex you enter each turn gives +1 move.,heat_rush,move=1
fire_skin,fire,Ember Skin,"An adjacent foe that hits you while you stand on fire takes 2/4/6% (your fire 1/2/3). Your fire standing damage is halved.",ember_skin,per_point=2;stand_pct=50
fire_kindling,fire,Kindling,+5/+10/+15% damage when you or the target stands on fire (the higher level counts).,stand_on_mod,on=fire;side=either;stage=dmg;per_point=5
fire_wild,fire,Wildfire,"Your fresh fire at 2+ seeds fire 1 onto neutral neighbours on the next tick, once per cast. Grass containment still applies.",wildfire,min=2
fire_coal,fire,Coal Engine,Allies (you included) starting their turn on fire 1/2/3 gain +1/+2/+3 move that turn.,start_move,on=fire;per_point=1;team=1
ice_skate,ice,Skate,Glazed and stasis hexes cost you 1 move even on mud. +1 move when you start your turn on one.,skate,cost=1;move=1
ice_rime,ice,Rime Armour,-10% damage taken on a glazed or stasis hex; Shatter doesn't apply to you.,rime_armour,pct=-10
ice_fault,ice,Fault Lines,Your Shatter is +30% (base +15%) but your Shatter hit breaks the glaze.,fault_lines,pct=30
ice_frostbite,ice,Frostbite,A foe starting its turn on glaze you laid is Drenched.,frostbite,status=drenched
ice_ward,ice,Frost Ward,"At the start of your turn the nearest unwarded ally within 2 (else you) gains a Frost Ward: it negates the next elemental effect on its holder, then breaks. One per unit.",frost_ward,radius=2
thunder_step,thunder,Bolt Step,After any action that detonates a tile: move 2 more.,bolt_step,hexes=2
thunder_grounded,thunder,Grounded,Chain arcs reaching you deal half; detonation splash on you is halved. You're still conductive.,grounded,pct=50
thunder_overcharge,thunder,Overcharge,"An arc from a target you hit jumps again: a second arc at 50% of the first, to the next-nearest of that team. No unit is arced twice in one action.",overcharge,pct=50
thunder_static,thunder,Static Field,Your fuses last 5 cycles (base 3). A foe ending its move on one is Staggered.,static_field,cycles=2;status=staggered
thunder_rod,thunder,Lightning Rod,An arc that would hit an ally within 3 of you hits you instead at 50%.,lightning_rod,radius=3;pct=50
wind_tail,wind,Tailwind,+2 move when you start on a gale marker. After any wind action: move 1 more.,tailwind,start=2;after=1
wind_eye,wind,Eye of the Storm,"Immune to displacement. Bow, pistol and thrown attacks on you get -15 hit.",eye_of_storm,hit=-15
wind_force,wind,Gale Force,+5% damage per hex you moved this turn (up to +20%).,attack_mod,dmg_per_hex_moved_pct=5;max_pct=20
wind_gust,wind,Gust,"A foe hit by your wind skill is pushed 1 away; if something stops it, it slams for 8%.",gust,push=1;slam_pct=8
wind_slip,wind,Slipstream,Allies starting their turn within 2 of you get +1 move.,slipstream,radius=2;move=1
dark_step,dark,Shadowstep,"Once per turn, from a dark hex, step to another dark hex within 3 for 1 move, ignoring the path.",shadowstep,range=3;cost=1
dark_night,dark,Nightborn,"No dark drain on you. While you stand on dark, the first elemental effect each turn that would land on you is negated.",nightborn,once=1
dark_ambush,dark,Ambush,Attacking from dark 1/2/3: +5/+10/+15 crit.,stand_on_mod,on=dark;side=att;stage=crit;per_point=5
dark_pall,dark,Pall,A foe you hit while it stands on dark 2+ is Blinded.,hit_status,on=dark;min=2;status=blinded
dark_cover,dark,Cover of Night,Attacks on allies adjacent to you get -7 hit.,cover,radius=1;hit=-7
light_sun,light,Sunpath,+1 move when you start on light; +2 on light 3.,start_move,on=light;l1=1;l2=1;l3=2
light_guard,light,Radiant Guard,Light's hit bonus doesn't apply to attacks on you.,radiant_guard,once=0
light_judge,light,Judgement,Your attacks on a foe standing on light can't glance.,judgement,on=light
light_glare,light,Glare,A foe starting its turn on light you laid isn't healed; on light 2+ it's also Blinded.,glare,min=2;status=blinded
light_sanct,light,Sanctuary,"Your light heals allies 5/9/14% (base 3/6/9). Once per battle, when an ally within 3 drops under 35% HP, its hex gains light 2.",sanctuary,l1=5;l2=9;l3=14;radius=3;threshold=35;steps=2
