id,name,gender,seat,element_lock,friendliness,hair_style,voice_pitch,pool
aureli,Aureli,f,1,light,neutral,waterfall,1.20,0
della,Della,f,2,,unfriendly,long_ponytail,1.16,0
jericho,Jericho,m,3,,neutral,short_mohawk,0.86,0
will,Will,m,4,,friendly,high_and_tight,1.02,0
gail,Gail,f,5,,friendly,long_ponytail,1.10,0
kira,Kira,f,6,,neutral,ringlets,1.24,0
demeter,Demeter,a,7,,unfriendly,ponytail,1.00,0
stryker,Stryker,m,8,,friendly,mullet,0.84,0
burt,Burt,m,9,,friendly,buzzed,0.75,0
rui,Rui,f,10,,unfriendly,bob,1.30,0
bob,Bob,m,11,,friendly,high_and_tight,0.78,0
sala,Sala,f,12,,unfriendly,long_hair,1.14,0
rem,Rem,f,13,ice,friendly,bob,1.28,0
wilona,Wilona,f,14,,neutral,long_ponytail,1.08,0
lionel,Lionel,m,15,,friendly,buzzed,0.82,0
dragtol,Dragtol,a,16,,neutral,mullet,0.90,0
apollyon,Apollyon,a,17,,unfriendly,waterfall,0.94,0
kai,Kai,a,18,,unfriendly,short_mohawk,1.12,0
alexandra,Alexandra,f,19,,unfriendly,long_hair,1.04,0
opus,Opus,a,20,,neutral,ponytail,0.96,0
bartholomew,Bartholomew,m,21,,friendly,buzzed,0.78,1
kyla,Kyla,f,22,,unfriendly,long_ponytail,1.18,1
picassa,Picassa,f,23,,neutral,ringlets,1.22,1
thaddeus,Thaddeus,m,24,,unfriendly,long_hair,0.80,1
leopold,Leopold,m,25,,neutral,mullet,0.92,1
gus,Gus,m,26,,friendly,buzzed,0.76,1
henrietta,Henrietta,f,27,,neutral,long_hair,1.06,1
marguerite,Marguerite,f,28,,unfriendly,ringlets,1.12,1
zoe,Zoe,f,29,,friendly,short_mohawk,1.26,1
pip,Pip,a,30,,friendly,ringlets,1.12,1
ottilie,Ottilie,f,31,,neutral,bob,1.28,1
nova,Nova,a,32,,unfriendly,bob,1.04,1
rory,Rory,a,33,,friendly,mullet,0.98,1
montgomery,Montgomery,m,34,,unfriendly,high_and_tight,0.86,1
jet,Jet,a,35,,unfriendly,high_and_tight,1.08,1
hugo,Hugo,m,36,,neutral,ponytail,0.88,1
ambrose,Ambrose,m,37,,neutral,waterfall,0.96,1
picasso,Picasso,m,38,,friendly,mullet,0.94,1
irelia,Irelia,a,39,,unfriendly,ponytail,1.06,1
despacito,Despacito,a,40,,friendly,buzzed,1.00,1
quinn,Quinn,a,41,,neutral,ponytail,1.02,1
shyvana,Shyvana,f,42,fire,unfriendly,long_ponytail,1.14,1
cain,Cain,m,43,,unfriendly,high_and_tight,0.82,1
abel,Abel,m,44,,friendly,short_mohawk,1.00,1
lyn,Lyn,a,45,,neutral,long_ponytail,1.10,1
micaiah,Micaiah,a,46,,neutral,waterfall,0.98,1
mushu,Mushu,a,47,,friendly,short_mohawk,1.10,1
